{
  "periods": [
    1,
    2,
    3,
    4,
    5,
    6,
    7,
    8,
    9,
    10,
    11,
    12,
    13,
    14,
    15,
    16,
    17,
    18,
    19,
    20,
    21,
    22,
    23,
    24,
    25
  ],
  "cluster_ids": [
    1,
    2,
    3,
    3,
    2,
    2,
    3,
    4,
    4,
    5,
    5,
    6,
    7,
    7,
    6,
    8,
    7,
    10,
    9,
    5,
    10,
    11,
    10,
    5,
    12
  ],
  "mean_rewards": [
    -5708.66552734375,
    -18925.212890625,
    -19550.0078125,
    -13008.1533203125,
    -10654.599609375,
    -10387.0400390625,
    -17631.228515625,
    -13941.19921875,
    -20126.185546875,
    -18269.50390625,
    -12509.5400390625,
    -18515.896484375,
    -4317.13623046875,
    -17965.486328125,
    -2512.0966796875,
    -10302.22265625,
    -16582.0859375,
    -18918.099609375,
    -11505.06640625,
    -9403.2861328125,
    -17899.767578125,
    -19332.03125,
    -14538.001953125,
    -6647.4580078125,
    -19237.087890625
  ],
  "std_rewards": [
    2774.74853515625,
    2119.019775390625,
    1763.06689453125,
    2705.9072265625,
    2376.9072265625,
    3760.044677734375,
    2407.889892578125,
    2301.103271484375,
    1844.0125732421875,
    1698.774658203125,
    1984.7086181640625,
    2857.2412109375,
    3813.98779296875,
    2484.701171875,
    2248.34228515625,
    4214.82568359375,
    2549.884765625,
    1706.7960205078125,
    2549.83447265625,
    4490.8984375,
    2430.586181640625,
    2418.35791015625,
    3047.420654296875,
    3741.57470703125,
    2124.113037109375
  ],
  "best_rewards": [
    -691.7710571289062,
    -14762.908203125,
    -15416.8662109375,
    -8358.203125,
    -7170.0029296875,
    -3504.337158203125,
    -12943.98828125,
    -8925.1201171875,
    -15819.9140625,
    -14998.8720703125,
    -8871.5380859375,
    -11673.556640625,
    -79.63543701171875,
    -12891.048828125,
    32.21501541137695,
    -3277.427978515625,
    -10659.32421875,
    -12710.4521484375,
    -6962.29638671875,
    -1685.5260009765625,
    -14136.2998046875,
    -13617.5380859375,
    -7537.44873046875,
    -193.45790100097656,
    -15877.4921875
  ],
  "best_episodes": [
    27,
    4,
    14,
    14,
    5,
    16,
    15,
    30,
    26,
    17,
    11,
    8,
    12,
    6,
    20,
    3,
    30,
    4,
    1,
    20,
    27,
    7,
    15,
    23,
    8
  ],
  "epsilon_end": [
    0.8603841919146962,
    0.8603841919146962,
    0.8603841919146962,
    0.7402609576967045,
    0.7402609576967045,
    0.6369088258938781,
    0.6369088258938781,
    0.8603841919146962,
    0.7402609576967045,
    0.8603841919146962,
    0.7402609576967045,
    0.8603841919146962,
    0.8603841919146962,
    0.7402609576967045,
    0.7402609576967045,
    0.8603841919146962,
    0.6369088258938781,
    0.8603841919146962,
    0.8603841919146962,
    0.6369088258938781,
    0.7402609576967045,
    0.8603841919146962,
    0.6369088258938781,
    0.547986285490042,
    0.8603841919146962
  ],
  "episodes_trained": [
    30,
    30,
    30,
    30,
    30,
    30,
    30,
    30,
    30,
    30,
    30,
    30,
    30,
    30,
    30,
    30,
    30,
    30,
    30,
    30,
    30,
    30,
    30,
    30,
    30
  ]
}