{
  "periods": [
    1,
    2,
    3,
    4
  ],
  "tasks": [
    [
      0.7468619378651111,
      0.2410064670871741
    ],
    [
      0.9514869444603545,
      0.42347250697687255
    ],
    [
      0.9101733476102092,
      0.1848903974029013
    ],
    [
      1.6926899334357426,
      0.3126692595762461
    ]
  ],
  "initial_likelihoods": [
    [
      -3068217344.0,
      -1610763648.0
    ],
    [
      -3094684160.0,
      -1462368768.0,
      -1597606144.0
    ],
    [
      -3012341760.0,
      -1323754496.0,
      -1534422784.0
    ],
    [
      -3278979072.0,
      -1536184704.0,
      -1759262336.0
    ]
  ],
  "normalized_likelihoods": [
    [
      0.0,
      NaN
    ],
    [
      0.0,
      NaN,
      NaN
    ],
    [
      0.0,
      NaN,
      NaN
    ],
    [
      0.0,
      NaN,
      NaN
    ]
  ],
  "priors": [
    [
      0.5555555555555556,
      0.4444444444444445
    ],
    [
      0.3571428571428572,
      0.35714285714285715,
      0.28571428571428575
    ],
    [
      0.26315789473684215,
      0.5263157894736842,
      0.2105263157894737
    ],
    [
      0.20833333333333334,
      0.625,
      0.16666666666666669
    ]
  ],
  "posteriors": [
    [
      0.0,
      1.0
    ],
    [
      0.0,
      1.0,
      0.0
    ],
    [
      0.0,
      1.0,
      0.0
    ],
    [
      0.0,
      1.0,
      0.0
    ]
  ],
  "prior_selections": [
    2,
    2,
    2,
    2
  ],
  "new_cluster_created": [
    true,
    false,
    false,
    false
  ],
  "em_likelihoods_history": [
    [
      [
        -3068217344.0,
        -1610763648.0
      ],
      [
        -3068217344.0,
        -1545934336.0
      ],
      [
        -3068217344.0,
        -1477825920.0
      ],
      [
        -3068217344.0,
        -1454687488.0
      ],
      [
        -3068217344.0,
        -1552544128.0
      ]
    ],
    [
      [
        -3094684160.0,
        -1462368768.0
      ],
      [
        -3094684160.0,
        -1477692672.0
      ],
      [
        -3094684160.0,
        -1426263040.0
      ],
      [
        -3094684160.0,
        -1399911424.0
      ],
      [
        -3094684160.0,
        -1376220928.0
      ]
    ],
    [
      [
        -3012341760.0,
        -1323754496.0
      ],
      [
        -3012341760.0,
        -1302370304.0
      ],
      [
        -3012341760.0,
        -1302760064.0
      ],
      [
        -3012341760.0,
        -1302208768.0
      ],
      [
        -3012341760.0,
        -1273221248.0
      ]
    ],
    [
      [
        -3278979072.0,
        -1536184704.0
      ],
      [
        -3278979072.0,
        -1451072768.0
      ],
      [
        -3278979072.0,
        -1464543232.0
      ],
      [
        -3278979072.0,
        -1441840000.0
      ],
      [
        -3278979072.0,
        -1413954944.0
      ]
    ]
  ],
  "em_posteriors_history": [
    [
      [
        0.0,
        1.0
      ],
      [
        0.0,
        1.0
      ],
      [
        0.0,
        1.0
      ],
      [
        0.0,
        1.0
      ],
      [
        0.0,
        1.0
      ]
    ],
    [
      [
        0.0,
        1.0
      ],
      [
        0.0,
        1.0
      ],
      [
        0.0,
        1.0
      ],
      [
        0.0,
        1.0
      ],
      [
        0.0,
        1.0
      ]
    ],
    [
      [
        0.0,
        1.0
      ],
      [
        0.0,
        1.0
      ],
      [
        0.0,
        1.0
      ],
      [
        0.0,
        1.0
      ],
      [
        0.0,
        1.0
      ]
    ],
    [
      [
        0.0,
        1.0
      ],
      [
        0.0,
        1.0
      ],
      [
        0.0,
        1.0
      ],
      [
        0.0,
        1.0
      ],
      [
        0.0,
        1.0
      ]
    ]
  ],
  "final_likelihoods": [
    [
      -3068217344.0,
      -1449953152.0
    ],
    [
      -3094684160.0,
      -1372971776.0
    ],
    [
      -3012341760.0,
      -1353497728.0
    ],
    [
      -3278979072.0,
      -1409338112.0
    ]
  ],
  "final_posteriors": [
    [
      0.0,
      1.0
    ],
    [
      0.0,
      1.0
    ],
    [
      0.0,
      1.0
    ],
    [
      0.0,
      1.0
    ]
  ],
  "cluster_assignments": [
    2,
    2,
    2,
    2
  ],
  "prior_evolution": [
    [
      0.5555555555555556,
      0.4444444444444445
    ],
    [
      0.3571428571428572,
      0.35714285714285715,
      0.28571428571428575
    ],
    [
      0.26315789473684215,
      0.5263157894736842,
      0.2105263157894737
    ],
    [
      0.20833333333333334,
      0.625,
      0.16666666666666669
    ]
  ],
  "num_clusters": [
    1,
    2,
    2,
    2
  ],
  "num_samples": [
    1667,
    1690,
    1673,
    1696
  ]
}