{
  "cluster_1": {
    "num_periods": 30,
    "periods": [
      1,
      2,
      3,
      4,
      5,
      6,
      7,
      8,
      9,
      10,
      11,
      12,
      13,
      14,
      15,
      16,
      17,
      18,
      19,
      20,
      21,
      22,
      23,
      24,
      25,
      26,
      27,
      28,
      29,
      30
    ],
    "task_params": [
      [
        1.4223204193465782,
        0.05042482566624512
      ],
      [
        0.7468619378651111,
        0.4997258509212525
      ],
      [
        0.9514869444603545,
        0.3398169694056665
      ],
      [
        0.9101733476102092,
        0.010578721429793492
      ],
      [
        1.6926899334357426,
        0.021092001487047374
      ],
      [
        1.3223633676323323,
        0.4229435424089765
      ],
      [
        1.2230194012615223,
        0.3149599468349643
      ],
      [
        1.7704175209306177,
        0.46991036385292145
      ],
      [
        1.054671192208704,
        0.29494405877389746
      ],
      [
        1.4380077787287382,
        0.14411431670279473
      ],
      [
        1.1047446268600964,
        0.03307042393061388
      ],
      [
        1.53940922787782,
        0.10978184474380259
      ],
      [
        0.506177487073393,
        0.15437466294275487
      ],
      [
        0.8314541455948823,
        0.1586596640550278
      ],
      [
        0.6868317926981818,
        0.06909967134319311
      ],
      [
        1.4491666726417176,
        0.24159925311563502
      ],
      [
        1.743214488648383,
        0.44737442188299464
      ],
      [
        0.6487075969773555,
        0.3638544225776061
      ],
      [
        0.5671369288782881,
        0.4569877885397677
      ],
      [
        1.9819444022184216,
        0.4681915523076358
      ],
      [
        1.4662635758738103,
        0.1010547580794553
      ],
      [
        0.976626835149413,
        0.4139364686222053
      ],
      [
        1.1551649310983079,
        0.2247831776685093
      ],
      [
        1.712693600282433,
        0.14814633069923933
      ],
      [
        1.4773948719341448,
        0.12430011348081416
      ],
      [
        0.6349816883509724,
        0.2306523776796341
      ],
      [
        1.572248618128974,
        0.14179152029901537
      ],
      [
        1.3025797098955545,
        0.3428260859407607
      ],
      [
        0.9908300716256973,
        0.14735097213028664
      ],
      [
        0.9055844338092276,
        0.018947414063646417
      ]
    ]
  }
}