{
  "periods": [
    1,
    2,
    3,
    4,
    5,
    6,
    7,
    8,
    9,
    10,
    11,
    12,
    13,
    14,
    15,
    16,
    17,
    18,
    19,
    20,
    21,
    22,
    23,
    24,
    25,
    26,
    27,
    28,
    29
  ],
  "tasks": [
    [
      0.7468619378651111,
      0.4997258509212525
    ],
    [
      0.9514869444603545,
      0.3398169694056665
    ],
    [
      0.9101733476102092,
      0.010578721429793492
    ],
    [
      1.6926899334357426,
      0.021092001487047374
    ],
    [
      1.3223633676323323,
      0.4229435424089765
    ],
    [
      1.2230194012615223,
      0.3149599468349643
    ],
    [
      1.7704175209306177,
      0.46991036385292145
    ],
    [
      1.054671192208704,
      0.29494405877389746
    ],
    [
      1.4380077787287382,
      0.14411431670279473
    ],
    [
      1.1047446268600964,
      0.03307042393061388
    ],
    [
      1.53940922787782,
      0.10978184474380259
    ],
    [
      0.506177487073393,
      0.15437466294275487
    ],
    [
      0.8314541455948823,
      0.1586596640550278
    ],
    [
      0.6868317926981818,
      0.06909967134319311
    ],
    [
      1.4491666726417176,
      0.24159925311563502
    ],
    [
      1.743214488648383,
      0.44737442188299464
    ],
    [
      0.6487075969773555,
      0.3638544225776061
    ],
    [
      0.5671369288782881,
      0.4569877885397677
    ],
    [
      1.9819444022184216,
      0.4681915523076358
    ],
    [
      1.4662635758738103,
      0.1010547580794553
    ],
    [
      0.976626835149413,
      0.4139364686222053
    ],
    [
      1.1551649310983079,
      0.2247831776685093
    ],
    [
      1.712693600282433,
      0.14814633069923933
    ],
    [
      1.4773948719341448,
      0.12430011348081416
    ],
    [
      0.6349816883509724,
      0.2306523776796341
    ],
    [
      1.572248618128974,
      0.14179152029901537
    ],
    [
      1.3025797098955545,
      0.3428260859407607
    ],
    [
      0.9908300716256973,
      0.14735097213028664
    ],
    [
      0.9055844338092276,
      0.018947414063646417
    ]
  ],
  "initial_likelihoods": [
    [
      0.0,
      0.0
    ],
    [
      0.0,
      0.0
    ],
    [
      0.0,
      0.0
    ],
    [
      0.0,
      0.0
    ],
    [
      0.0,
      0.0
    ],
    [
      0.0,
      0.0
    ],
    [
      0.0,
      0.0
    ],
    [
      0.0,
      0.0
    ],
    [
      0.0,
      0.0
    ],
    [
      0.0,
      0.0
    ],
    [
      0.0,
      0.0
    ],
    [
      0.0,
      0.0
    ],
    [
      0.0,
      0.0
    ],
    [
      0.0,
      0.0
    ],
    [
      0.0,
      0.0
    ],
    [
      0.0,
      0.0
    ],
    [
      0.0,
      0.0
    ],
    [
      0.0,
      0.0
    ],
    [
      0.0,
      0.0
    ],
    [
      0.0,
      0.0
    ],
    [
      0.0,
      0.0
    ],
    [
      0.0,
      0.0
    ],
    [
      0.0,
      0.0
    ],
    [
      0.0,
      0.0
    ],
    [
      0.0,
      0.0
    ],
    [
      0.0,
      0.0
    ],
    [
      0.0,
      0.0
    ],
    [
      0.0,
      0.0
    ],
    [
      0.0,
      0.0
    ]
  ],
  "normalized_likelihoods": [
    [
      0.5,
      0.5
    ],
    [
      0.5,
      0.5
    ],
    [
      0.5,
      0.5
    ],
    [
      0.5,
      0.5
    ],
    [
      0.5,
      0.5
    ],
    [
      0.5,
      0.5
    ],
    [
      0.5,
      0.5
    ],
    [
      0.5,
      0.5
    ],
    [
      0.5,
      0.5
    ],
    [
      0.5,
      0.5
    ],
    [
      0.5,
      0.5
    ],
    [
      0.5,
      0.5
    ],
    [
      0.5,
      0.5
    ],
    [
      0.5,
      0.5
    ],
    [
      0.5,
      0.5
    ],
    [
      0.5,
      0.5
    ],
    [
      0.5,
      0.5
    ],
    [
      0.5,
      0.5
    ],
    [
      0.5,
      0.5
    ],
    [
      0.5,
      0.5
    ],
    [
      0.5,
      0.5
    ],
    [
      0.5,
      0.5
    ],
    [
      0.5,
      0.5
    ],
    [
      0.5,
      0.5
    ],
    [
      0.5,
      0.5
    ],
    [
      0.5,
      0.5
    ],
    [
      0.5,
      0.5
    ],
    [
      0.5,
      0.5
    ],
    [
      0.5,
      0.5
    ]
  ],
  "priors": [
    [
      0.5,
      0.5
    ],
    [
      0.5825702064623147,
      0.41742979353768533
    ],
    [
      0.6224593312018545,
      0.3775406687981454
    ],
    [
      0.6456563062257955,
      0.35434369377420455
    ],
    [
      0.6607563687658171,
      0.33924363123418283
    ],
    [
      0.67134745348273,
      0.32865254651727005
    ],
    [
      0.6791786991753929,
      0.320821300824607
    ],
    [
      0.6852009766653155,
      0.3147990233346844
    ],
    [
      0.6899744811276124,
      0.31002551887238755
    ],
    [
      0.693850254330627,
      0.3061497456693731
    ],
    [
      0.6970592839654073,
      0.3029407160345927
    ],
    [
      0.6997597020563493,
      0.30024029794365076
    ],
    [
      0.7020633698789297,
      0.2979366301210704
    ],
    [
      0.7040516276171624,
      0.29594837238283755
    ],
    [
      0.7057850278370112,
      0.2942149721629888
    ],
    [
      0.7073095709253993,
      0.2926904290746007
    ],
    [
      0.7086608250294356,
      0.2913391749705645
    ],
    [
      0.7098667223913693,
      0.2901332776086309
    ],
    [
      0.710949502625004,
      0.28905049737499605
    ],
    [
      0.7119270916606678,
      0.2880729083393322
    ],
    [
      0.7128140986174973,
      0.2871859013825026
    ],
    [
      0.7136225485921581,
      0.2863774514078418
    ],
    [
      0.714362429491056,
      0.28563757050894406
    ],
    [
      0.7150421057009898,
      0.28495789429901025
    ],
    [
      0.7156686349377923,
      0.2843313650622077
    ],
    [
      0.7162480137085079,
      0.2837519862914921
    ],
    [
      0.7167853694650885,
      0.2832146305349115
    ],
    [
      0.7172851124799586,
      0.2827148875200414
    ],
    [
      0.71775105695774,
      0.28224894304225995
    ]
  ],
  "posteriors": [
    [
      0.5,
      0.5
    ],
    [
      0.5206308314733377,
      0.4793691685266624
    ],
    [
      0.530576631017636,
      0.4694233689823639
    ],
    [
      0.5363498334918638,
      0.4636501665081363
    ],
    [
      0.5401027660206397,
      0.4598972339793603
    ],
    [
      0.5427323628264692,
      0.4572676371735308
    ],
    [
      0.5446752138657711,
      0.45532478613422883
    ],
    [
      0.546168357288952,
      0.4538316427110479
    ],
    [
      0.5473512956496498,
      0.45264870435035026
    ],
    [
      0.5483113715064081,
      0.451688628493592
    ],
    [
      0.5491060151988406,
      0.4508939848011595
    ],
    [
      0.5497745188770673,
      0.45022548112293276
    ],
    [
      0.5503446628622879,
      0.4496553371377122
    ],
    [
      0.5508366384805213,
      0.44916336151947867
    ],
    [
      0.5512654709024922,
      0.4487345290975076
    ],
    [
      0.5516425704031623,
      0.4483574295968377
    ],
    [
      0.5519767568240529,
      0.44802324317594716
    ],
    [
      0.5522749546056562,
      0.4477250453943438
    ],
    [
      0.5525426756022747,
      0.4474573243977254
    ],
    [
      0.5527843615656324,
      0.4472156384343675
    ],
    [
      0.553003631655345,
      0.44699636834465484
    ],
    [
      0.5532034643279328,
      0.44679653567206734
    ],
    [
      0.5533863330325821,
      0.44661366696741783
    ],
    [
      0.5535543088379834,
      0.4464456911620166
    ],
    [
      0.5537091390211036,
      0.4462908609788964
    ],
    [
      0.5538523079371627,
      0.4461476920628374
    ],
    [
      0.5539850846609561,
      0.44601491533904375
    ],
    [
      0.5541085606351583,
      0.4458914393648417
    ],
    [
      0.55422367968761,
      0.4457763203123901
    ]
  ],