{
  "periods": [
    1,
    2,
    3,
    4,
    5
  ],
  "cluster_ids": [
    1,
    1,
    1,
    1,
    1
  ],
  "task_params": [
    [
      1.4223204193465782,
      0.05042482566624512
    ],
    [
      0.7468619378651111,
      0.4997258509212525
    ],
    [
      0.9514869444603545,
      0.3398169694056665
    ],
    [
      0.9101733476102092,
      0.010578721429793492
    ],
    [
      1.6926899334357426,
      0.021092001487047374
    ]
  ],
  "num_clusters": 1
}