{
  "periods": [
    2,
    3,
    4,
    5
  ],
  "cluster_based_policy": [
    1,
    1,
    1,
    1
  ],
  "performance_based_policy": [
    1,
    1,
    1,
    1
  ],
  "selected_policy": [
    1,
    1,
    1,
    1
  ],
  "selection_method": [
    "cluster",
    "cluster",
    "cluster",
    "cluster"
  ],
  "cluster_reward": [
    -6058.919921875,
    -6058.919921875,
    -6058.919921875,
    -6058.919921875
  ],
  "performance_reward": [
    -6058.919921875,
    -6058.919921875,
    -6058.919921875,
    -6058.919921875
  ],
  "final_reward": [
    -6058.919921875,
    -6058.919921875,
    -6058.919921875,
    -6058.919921875
  ]
}