{
  "periods": [
    0,
    2,
    3,
    4,
    5
  ],
  "iterations": [
    [
      0,
      1,
      2,
      3,
      4,
      5,
      6,
      7,
      8,
      9
    ],
    [
      0,
      1,
      2,
      3,
      4,
      5,
      6,
      7,
      8,
      9
    ],
    [
      0,
      1,
      2,
      3,
      4,
      5,
      6,
      7,
      8,
      9
    ],
    [
      0,
      1,
      2,
      3,
      4,
      5,
      6,
      7,
      8,
      9
    ],
    [
      0,
      1,
      2,
      3,
      4,
      5,
      6,
      7,
      8,
      9
    ]
  ],
  "rewards": [
    [
      -6058.919921875,
      -6058.919921875,
      -6058.919921875,
      -6058.919921875,
      -6058.919921875,
      -6058.919921875,
      -6058.919921875,
      -6058.919921875,
      -6058.919921875,
      -6058.919921875
    ],
    [
      -6058.919921875,
      -6058.919921875,
      -6058.919921875,
      -6058.919921875,
      -6058.919921875,
      -6058.919921875,
      -6058.919921875,
      -6058.919921875,
      -6058.919921875,
      -6058.919921875
    ],
    [
      -6058.919921875,
      -6058.919921875,
      -6058.919921875,
      -6058.919921875,
      -6058.919921875,
      -6058.919921875,
      -6058.919921875,
      -6058.919921875,
      -6058.919921875,
      -6058.919921875
    ],
    [
      -6058.919921875,
      -6058.919921875,
      -6058.919921875,
      -6058.919921875,
      -6058.919921875,
      -6058.919921875,
      -6058.919921875,
      -6058.919921875,
      -6058.919921875,
      -6058.919921875
    ],
    [
      -6058.919921875,
      -6058.919921875,
      -6058.919921875,
      -6058.919921875,
      -6058.919921875,
      -6058.919921875,
      -6058.919921875,
      -6058.919921875,
      -6058.919921875,
      -6058.919921875
    ]
  ],
  "rewards_mean": [
    -6058.919921875,
    -6058.919921875,
    -6058.919921875,
    -6058.919921875,
    -6058.919921875
  ],
  "rewards_std": [
    0.0,
    0.0,
    0.0,
    0.0,
    0.0
  ],
  "rewards_min": [
    -6058.919921875,
    -6058.919921875,
    -6058.919921875,
    -6058.919921875,
    -6058.919921875
  ],
  "rewards_max": [
    -6058.919921875,
    -6058.919921875,
    -6058.919921875,
    -6058.919921875,
    -6058.919921875
  ],
  "policy_gradients_norm": [
    [
      0.0,
      1.0000000118886225,
      1.0000000267335805,
      1.0000000247429708,
      1.0000000084795384,
      0.9999999360268984,
      0.9999999340129935,
      1.0000000957553128,
      0.9999999861653842,
      0.9999999638026563
    ],
    [
      0.9999999506900867,
      1.0000000033506886,
      1.0000000072805602,
      1.0000000005223688,
      1.0000000733281698,
      0.9999999360816577,
      1.0000000231237582,
      0.9999999593382995,
      0.9999999371522813,
      1.0000000474713284
    ],
    [
      0.9999999841810565,
      1.0000000058136322,
      1.0000000747285347,
      0.9999999710725219,
      0.9999998969323396,
      0.9999999306519782,
      1.0000000197618308,
      1.00000005544224,
      1.000000056392067,
      1.0000000102376903
    ],
    [
      1.000000059081293,
      1.0000000428302371,
      0.9999999967784228,
      0.9999999914906256,
      1.0000000189857667,
      0.9999999843605971,
      1.0000000484048326,
      0.9999999677122114,
      0.9999999458132565,
      0.9999999840608145
    ],
    [
      1.0000000373750977,
      1.000000031172986,
      0.9999999915860369,
      0.9999999774468357,
      1.000000032290647,
      1.0000000547923404,
      0.9999999684237549,
      0.9999999389672114,
      1.0000000158982507,
      0.9999999733948784
    ]
  ],
  "losses": [],
  "learning_rates": [
    [
      0.01,
      0.01,
      0.01,
      0.01,
      0.01,
      0.01,
      0.01,
      0.01,
      0.01,
      0.01
    ],
    [
      0.01,
      0.01,
      0.01,
      0.01,
      0.01,
      0.01,
      0.01,
      0.01,
      0.01,
      0.01
    ],
    [
      0.01,
      0.01,
      0.01,
      0.01,
      0.01,
      0.01,
      0.01,
      0.01,
      0.01,
      0.01
    ],
    [
      0.01,
      0.01,
      0.01,
      0.01,
      0.01,
      0.01,
      0.01,
      0.01,
      0.01,
      0.01
    ],
    [
      0.01,
      0.01,
      0.01,
      0.01,
      0.01,
      0.01,
      0.01,
      0.01,
      0.01,
      0.01
    ]
  ],
  "convergence": [
    0.0,
    0.0,
    0.0,
    0.0
  ]
}